{
    "rmse": 0.6804729938322339,
    "mae": 0.5533628266474157,
    "r2": 0.10846017745366376
}