{
    "rmse": 0.6782934736086342,
    "mae": 0.5457842542355602,
    "r2": 0.11416214423091786
}